"Time (s)";"Distance (cm)"
0.000000000E0;5.000000000E0
