"Time (s)","Distance (cm)"
6.035684600E-2,5.000000000E0
